tic,sector,label,known,ai_score,period,snr,period_quality,observed_transits,expected_transits,odd_even_mismatch_pct,eb_flag,period_validation,overall_status,error
44745077,4,0,FALSE_POSITIVE,0.43844521045684814,1.8747625022826953,7.724803951042275,INTERIOR_PEAK,11,14,15.364584561823937,False,SUPPORTED,PERIODICITY_SUPPORTED,
97700520,33,0,FALSE_POSITIVE,0.3893846273422241,5.424654929745459,837.7042721014634,INTERIOR_PEAK,5,5,15.490054150136062,False,SUPPORTED,PERIODICITY_SUPPORTED,
115564354,59,0,FALSE_POSITIVE,0.33247312903404236,1.6431204139214668,10.293285361404594,INTERIOR_PEAK,15,16,8.311189370898031,False,SUPPORTED,PERIODICITY_SUPPORTED,
117843067,98,0,FALSE_POSITIVE,0.38350909948349,2.3788887461671275,38.652361737514575,INTERIOR_PEAK,24,24,15.171443024611255,False,SUPPORTED,PERIODICITY_SUPPORTED,
147895461,75,0,FALSE_POSITIVE,0.26698222756385803,0.5922618942662607,14.183158682662208,BOUNDARY_PEAK,26,46,13.449608918457251,False,SUPPORTED,UNCONFIRMED_BOUNDARY_PEAK,
155005217,56,0,FALSE_POSITIVE,0.6638856530189514,7.600002927479247,21.77762461576584,INTERIOR_PEAK,3,4,81.72617374191734,True,SUPPORTED,EB_FLAGGED,
224601047,47,0,FALSE_POSITIVE,0.456482857465744,7.214851298822401,7.7456923549943735,INTERIOR_PEAK,2,3,nan,False,INSUFFICIENT_TRANSITS,UNCONFIRMED_INSUFFICIENT_TRANSITS,
238374636,89,0,FALSE_POSITIVE,0.21676915884017944,1.3239909382401616,113.75019563495528,INTERIOR_PEAK,21,22,2.0773763713886066,False,SUPPORTED,PERIODICITY_SUPPORTED,
280830734,1,0,FALSE_POSITIVE,0.4293125569820404,1.161937087971153,9.95423864315102,BOUNDARY_PEAK,24,24,14.19957206769111,False,SUPPORTED,UNCONFIRMED_BOUNDARY_PEAK,
284288080,33,0,FALSE_POSITIVE,0.2639163136482239,1.8350981149210568,11.458879343527723,INTERIOR_PEAK,13,14,18.686833963561362,False,SUPPORTED,PERIODICITY_SUPPORTED,
291555748,33,0,FALSE_POSITIVE,0.30217158794403076,4.960542951278536,55.63498067609185,INTERIOR_PEAK,6,6,26.8833422282725,False,SUPPORTED,PERIODICITY_SUPPORTED,
295807723,75,0,FALSE_POSITIVE,0.39086705446243286,0.6977031694982722,17.2286815212478,BOUNDARY_PEAK,38,39,7.7038611483134245,False,SUPPORTED,UNCONFIRMED_BOUNDARY_PEAK,
339591840,53,0,FALSE_POSITIVE,0.2629813253879547,11.419364672767808,7.825435570621193,INTERIOR_PEAK,2,2,74.86198252503151,True,INSUFFICIENT_TRANSITS,UNCONFIRMED_INSUFFICIENT_TRANSITS,
376838000,57,0,FALSE_POSITIVE,0.313253790140152,11.504067611436966,23.527814358907612,INTERIOR_PEAK,1,2,nan,False,INSUFFICIENT_TRANSITS,UNCONFIRMED_INSUFFICIENT_TRANSITS,
377304435,40,0,FALSE_POSITIVE,0.3218685984611511,11.413149713358356,17.800241500561615,INTERIOR_PEAK,2,2,10.252019006363437,False,INSUFFICIENT_TRANSITS,UNCONFIRMED_INSUFFICIENT_TRANSITS,
400466395,43,0,FALSE_POSITIVE,0.47971388697624207,13.04319654126408,9.590660304540465,INTERIOR_PEAK,1,1,nan,False,INSUFFICIENT_TRANSITS,UNCONFIRMED_INSUFFICIENT_TRANSITS,
406443564,65,0,FALSE_POSITIVE,0.20812936127185822,1.1160001741900925,10.351594360234252,BOUNDARY_PEAK,25,25,19.99852984780621,False,SUPPORTED,UNCONFIRMED_BOUNDARY_PEAK,
419946164,11,0,FALSE_POSITIVE,0.7013674974441528,14.465916715231417,19.083247765185433,BOUNDARY_PEAK,1,1,nan,False,INSUFFICIENT_TRANSITS,UNCONFIRMED_BOUNDARY_PEAK_AND_INSUFFICIENT_TRANSITS,
456305193,74,0,FALSE_POSITIVE,0.23194774985313416,0.5498289527713056,62.74583557836826,BOUNDARY_PEAK,29,49,0.5361689717445682,False,SUPPORTED,UNCONFIRMED_BOUNDARY_PEAK,
458857720,36,0,FALSE_POSITIVE,0.5154438018798828,1.3103625054527557,42.38817805867057,INTERIOR_PEAK,17,18,3.511850576351492,False,SUPPORTED,PERIODICITY_SUPPORTED,
5882269,71,1,PLANET,0.4264240860939026,13.530336627200224,17.802806552475175,INTERIOR_PEAK,2,2,6.580596044346461,False,INSUFFICIENT_TRANSITS,UNCONFIRMED_INSUFFICIENT_TRANSITS,
17307715,43,1,PLANET,0.3819369971752167,6.331763547672584,6.642696796633235,INTERIOR_PEAK,4,4,30.202627776470987,False,SUPPORTED,PERIODICITY_SUPPORTED,
38846515,98,1,PLANET,0.7391451001167297,2.84939961135712,238.73238735796735,INTERIOR_PEAK,16,20,0.6462161499001323,False,SUPPORTED,PERIODICITY_SUPPORTED,
50618703,98,1,PLANET,0.483715295791626,1.5481885283656724,34.810703897564196,INTERIOR_PEAK,23,33,7.599554159489309,False,SUPPORTED,PERIODICITY_SUPPORTED,
53728859,57,1,PLANET,0.7518776655197144,3.257346838983923,78.92174336697227,INTERIOR_PEAK,8,9,2.5549626518274056,False,SUPPORTED,PERIODICITY_SUPPORTED,
68577662,43,1,PLANET,0.7475802302360535,11.176303032832147,146.49593387911148,INTERIOR_PEAK,2,2,5.46374130498785,False,INSUFFICIENT_TRANSITS,UNCONFIRMED_INSUFFICIENT_TRANSITS,
140691463,98,1,PLANET,0.6918897032737732,2.0841954880105202,103.19330788190872,INTERIOR_PEAK,18,28,1.8638686154609723,False,SUPPORTED,PERIODICITY_SUPPORTED,
145750719,29,1,PLANET,0.6931158900260925,3.558974335332899,37.901500246252404,INTERIOR_PEAK,6,7,6.4629966596725845,False,SUPPORTED,PERIODICITY_SUPPORTED,
146520535,98,1,PLANET,0.03401419520378113,1.6971061796438236,222.918865213847,INTERIOR_PEAK,25,33,31.134322101312943,False,SUPPORTED,PERIODICITY_SUPPORTED,
147797743,47,1,PLANET,0.7215430736541748,3.6904828678074275,160.75189311364528,INTERIOR_PEAK,6,7,1.6553843156874117,False,SUPPORTED,PERIODICITY_SUPPORTED,
149603524,98,1,PLANET,0.7208056449890137,4.412093704120864,491.27593968195686,INTERIOR_PEAK,11,13,0.3679371893016733,False,SUPPORTED,PERIODICITY_SUPPORTED,
150096001,44,1,PLANET,0.36741405725479126,1.3176486489873167,4.785810478570404,INTERIOR_PEAK,17,18,53.1580379000816,True,SUPPORTED,EB_FLAGGED,
183120439,13,1,PLANET,0.5575686693191528,2.254910583343558,28.405432889608885,INTERIOR_PEAK,10,13,1.9208441867350639,False,SUPPORTED,PERIODICITY_SUPPORTED,
207110080,97,1,PLANET,0.23702453076839447,14.573032601956703,39.63945612816931,BOUNDARY_PEAK,4,4,0.7516157867395507,False,SUPPORTED,UNCONFIRMED_BOUNDARY_PEAK,
211438925,2,1,PLANET,0.7278449535369873,4.898122861674695,151.77394838957372,INTERIOR_PEAK,6,6,2.5121113983922063,False,SUPPORTED,PERIODICITY_SUPPORTED,
259377017,98,1,PLANET,0.5555896162986755,5.659322767424876,51.685765416104395,INTERIOR_PEAK,8,10,15.35854997642433,False,SUPPORTED,PERIODICITY_SUPPORTED,
268334473,25,1,PLANET,0.4587717354297638,8.368311866269309,11.351445146316143,INTERIOR_PEAK,3,3,200.0,True,SUPPORTED,EB_FLAGGED,
271169413,11,1,PLANET,0.30462509393692017,3.9610700151527025,7.011421734165574,INTERIOR_PEAK,5,6,8.154935081853315,False,SUPPORTED,PERIODICITY_SUPPORTED,
290131778,68,1,PLANET,0.7396044731140137,3.3069753154486192,289.6069446585553,INTERIOR_PEAK,8,8,5.82717029830744,False,SUPPORTED,PERIODICITY_SUPPORTED,
302773669,19,1,PLANET,0.7260115742683411,14.26876765210557,93.25136966661988,INTERIOR_PEAK,1,1,nan,False,INSUFFICIENT_TRANSITS,UNCONFIRMED_INSUFFICIENT_TRANSITS,
